{"log_name": "Low1DMix", "dataset": "gaussian_mixture", "epochs": 1000, "save_interval": 5, "batch_size": 1024, "lr": 0.0003, "ema_decay": 0.999, "n_T": 1000, "beta1": 2.5e-05, "beta2": 0.005, "scheduler": "scaled_linear", "model_type": "single_dim_net", "unet_start_channels": 64, "unet_down_factors": [2, 4, 4], "unet_bot_factors": [8, 8, 4], "unet_use_attention": false, "pretrained_dirname": null, "pretrained_model": null, "load_only_models": null, "debug": true, "debug_slice": null, "mus": [[-1.25], [-0.25], [1.5]], "sigmas": [[[0.25]], [[0.333]], [[0.1666666]]], "log_dir": "logs/training/Low1DMix", "data_shape": [1]}