{"log_name": "Low2DSCurve", "dataset": "s_curve_2d_transformed", "epochs": 1000, "save_interval": 5, "batch_size": 1024, "lr": 0.0003, "ema_decay": 0.999, "n_T": 1000, "beta1": 0.0001, "beta2": 0.02, "scheduler": "linear", "model_type": "single_dim_net", "unet_start_channels": 64, "unet_down_factors": [2, 4, 4], "unet_bot_factors": [8, 8, 4], "unet_use_attention": false, "pretrained_dirname": null, "load_only_models": null, "debug": true, "debug_slice": null, "mus": null, "sigmas": null, "log_dir": "logs/training/Low2DSCurve", "data_shape": [2]}