{"log_name": "Low2DSymMix", "dataset": "gaussian_mixture", "epochs": 1000, "save_interval": 5, "batch_size": 1024, "lr": 0.0003, "ema_decay": 0.999, "n_T": 1000, "beta1": 0.0001, "beta2": 0.02, "scheduler": "scaled_linear", "model_type": "single_dim_net", "unet_start_channels": 64, "unet_down_factors": [2, 4, 4], "unet_bot_factors": [8, 8, 4], "unet_use_attention": false, "pretrained_dirname": null, "pretrained_model": null, "load_only_models": null, "debug": true, "debug_slice": null, "log_dir": "logs/training/Low2DSymMix", "data_shape": [2], "mus": [[-5.0, 5.0], [-5.0, -5.0], [5.0, -5.0], [5.0, 5.0]], "sigmas": [[[0.1, 0.0], [0.0, 0.1]], [[0.1, 0.0], [0.0, 0.1]], [[0.1, 0.0], [0.0, 0.1]], [[0.1, 0.0], [0.0, 0.1]]]}