{"log_name": "AFHQ256", "dataset": "afhq256", "epochs": 30000, "save_interval": 20, "batch_size": 32, "lr": 4e-06, "ema_decay": 0.999, "n_T": 4000, "beta1": 0.00085, "beta2": 0.012, "scheduler": "scaled_linear", "model_type": "unet", "unet_start_channels": 32, "unet_down_factors": [2, 4, 8, 16, 32, 64], "unet_bot_factors": [64, 64, 32], "unet_use_attention": false, "pretrained_dirname": "afhq256_giant_net_bottlenecked_cont1", "pretrained_model": "ema_model.pt", "log_dir": "logs/training/AFHQ256", "data_shape": [3, 256, 256]}